Date,Murban,Ice Brent,Oman,Dubai,Nymex WTI
09 Mar 2021,65.800,68.02,66.420,66.250,64.800
08 Mar 2021,67.700,70.04,68.350,68.220,66.730
05 Mar 2021,65.870,67.64,66.410,66.390,64.580
04 Mar 2021,62.820,64.52,63.040,63.110,61.670
03 Mar 2021,61.180,62.85,61.360,61.350,59.900
02 Mar 2021,61.040,62.89,61.450,61.380,59.920
01 Mar 2021,63.680,65.59,64.230,64.040,62.610
26 Feb 2021,64.680,66.35,64.090,64.140,62.950
25 Feb 2021,65.880,67.67,64.880,65.300,63.740
24 Feb 2021,63.560,65.36,63.330,63.080,61.480
23 Feb 2021,64.120,66.33,63.070,63.780,62.620
22 Feb 2021,61.540,63.39,61.360,61.210,59.560
19 Feb 2021,61.000,62.60,60.690,60.890,59.010
18 Feb 2021,63.190,64.94,63.580,63.270,61.600
17 Feb 2021,62.780,63.83,63.030,62.850,60.390
16 Feb 2021,62.210,63.18,62.440,62.260,59.840
15 Feb 2021,62.410,63.44,62.540,62.320,60.720
12 Feb 2021,,60.58,,,#N/A
11 Feb 2021,60.540,61.22,60.390,60.500,58.430
10 Feb 2021,60.380,61.15,60.450,60.320,58.320
09 Feb 2021,60.470,60.98,60.500,60.430,58.320
08 Feb 2021,59.720,60.12,59.740,59.720,57.550
05 Feb 2021,58.870,59.37,58.960,58.820,56.690
04 Feb 2021,58.390,58.91,58.430,58.310,56.150
03 Feb 2021,57.580,58.00,57.720,57.470,55.140
02 Feb 2021,56.730,57.17,56.890,56.520,54.350
01 Feb 2021,55.210,55.62,55.100,54.970,52.630
29 Jan 2021,55.040,55.55,54.630,54.700,52.190
28 Jan 2021,55.090,55.47,54.410,54.710,52.470
27 Jan 2021,55.980,56.40,55.770,55.830,53.060
26 Jan 2021,55.440,55.70,55.300,55.260,52.570
25 Jan 2021,55.610,55.68,55.400,55.410,52.580
22 Jan 2021,55.360,55.33,55.140,55.040,52.310
21 Jan 2021,55.670,55.74,55.560,55.410,52.970
20 Jan 2021,56.460,56.48,56.230,56.160,53.560
19 Jan 2021,55.350,55.29,55.060,55.010,52.500
18 Jan 2021,54.350,54.58,54.200,54.140,51.920
15 Jan 2021,55.490,55.73,55.380,55.330,53.100
14 Jan 2021,55.820,56.22,55.690,55.690,53.120
13 Jan 2021,56.590,56.95,56.420,56.440,53.520
12 Jan 2021,55.690,55.99,55.720,55.650,52.590
11 Jan 2021,55.320,55.53,55.240,55.220,51.990
08 Jan 2021,54.460,54.76,54.580,54.500,51.120
07 Jan 2021,54.280,54.73,54.460,54.400,51.110
06 Jan 2021,53.390,53.89,53.520,53.490,49.960
05 Jan 2021,50.670,50.91,50.540,50.310,47.510
04 Jan 2021,52.610,53.02,52.550,52.440,49.530
31 Dec 2020,51.040,51.62,51.060,51.140,48.320
30 Dec 2020,50.960,51.38,51.070,51.020,48.280
29 Dec 2020,50.890,51.45,51.100,50.890,48.150
28 Dec 2020,50.920,51.41,51.220,50.960,48.390
24 Dec 2020,51.200,51.66,51.410,51.490,48.480
23 Dec 2020,49.470,49.91,49.770,49.770,46.830
22 Dec 2020,49.600,50.06,49.900,49.900,47.100
21 Dec 2020,50.060,50.63,50.400,50.530,47.560
18 Dec 2020,50.780,51.42,51.230,51.250,48.340
17 Dec 2020,51.180,51.75,51.610,51.560,48.430
16 Dec 2020,50.570,50.84,50.960,50.840,47.700
15 Dec 2020,49.780,50.05,50.300,50.060,46.820
14 Dec 2020,50.260,50.69,50.700,50.460,47.210
11 Dec 2020,50.030,50.48,50.570,50.210,47.010
10 Dec 2020,48.660,49.15,49.160,48.770,45.790
09 Dec 2020,48.930,49.39,49.380,49.060,46.090
08 Dec 2020,48.160,48.55,48.570,48.090,45.550
07 Dec 2020,47.500,48.68,48.620,48.180,45.610
04 Dec 2020,48.150,49.66,49.410,48.850,46.470
03 Dec 2020,47.100,48.37,48.330,47.780,45.310
02 Dec 2020,46.360,47.45,47.330,46.910,44.490
01 Dec 2020,46.870,47.82,47.860,47.340,45.290
30 Nov 2020,46.730,47.30,47.850,46.890,44.800
27 Nov 2020,46.860,47.56,48.300,47.250,44.780
26 Nov 2020,47.060,47.86,47.890,47.500,45.000
25 Nov 2020,47.370,48.32,48.230,47.610,45.250
24 Nov 2020,45.570,46.41,46.080,45.930,43.450
23 Nov 2020,45.270,45.96,45.800,45.620,43.250
20 Nov 2020,43.900,44.28,44.510,44.180,41.700
19 Nov 2020,43.760,44.30,44.370,44.130,41.640
18 Nov 2020,43.480,43.97,44.130,43.800,41.510
17 Nov 2020,43.420,43.96,44.170,43.950,41.380
16 Nov 2020,43.280,43.77,44.090,43.780,41.190
13 Nov 2020,42.700,43.13,43.490,42.930,40.610
12 Nov 2020,43.640,43.98,44.280,43.940,41.610
11 Nov 2020,43.990,44.62,44.870,44.320,42.380
10 Nov 2020,42.200,42.74,42.890,42.450,40.550
09 Nov 2020,39.870,40.29,40.670,40.050,37.950
06 Nov 2020,40.110,40.52,40.940,40.330,38.350
05 Nov 2020,40.460,40.99,41.210,40.460,38.870
04 Nov 2020,39.580,39.89,40.130,39.550,37.790
03 Nov 2020,39.300,39.64,39.820,39.230,37.530
02 Nov 2020,36.300,36.59,36.670,36.080,34.280
30 Oct 2020,37.690,37.63,37.650,37.170,36.200
29 Oct 2020,38.740,38.84,38.550,38.210,37.150
28 Oct 2020,39.790,39.99,39.770,39.340,38.130
27 Oct 2020,40.240,40.66,40.620,39.900,38.740
26 Oct 2020,40.150,40.53,40.430,39.770,38.590
23 Oct 2020,41.910,42.45,42.330,41.620,40.580
22 Oct 2020,41.590,42.08,41.920,41.280,40.350
21 Oct 2020,41.960,42.53,42.150,41.660,41.110
20 Oct 2020,41.970,42.44,42.000,41.680,40.730
19 Oct 2020,42.180,42.74,42.220,41.900,40.720
16 Oct 2020,42.270,42.84,42.250,41.930,40.720
15 Oct 2020,42.430,42.90,42.280,42.080,40.640
14 Oct 2020,41.980,42.35,41.970,41.580,40.080
13 Oct 2020,41.720,41.99,41.540,41.100,39.710
12 Oct 2020,41.890,42.23,41.690,41.320,39.990
09 Oct 2020,42.510,43.19,42.560,42.210,41.030
08 Oct 2020,41.820,42.37,41.910,41.460,40.260
07 Oct 2020,41.450,42.00,41.620,41.220,39.880
06 Oct 2020,40.910,41.38,40.870,40.660,39.270
05 Oct 2020,39.700,40.17,39.670,39.410,38.030
02 Oct 2020,39.050,39.69,39.050,38.700,37.580
01 Oct 2020,41.340,41.95,41.360,41.280,39.830
30 Sep 2020,40.530,40.83,40.420,40.470,39.180
29 Sep 2020,41.910,42.23,41.780,41.810,40.350
28 Sep 2020,41.440,41.64,41.390,41.480,39.930
25 Sep 2020,41.980,42.08,42.250,41.980,40.390
24 Sep 2020,41.170,41.40,41.190,41.100,39.560
23 Sep 2020,41.370,41.64,41.360,41.100,39.670
22 Sep 2020,41.400,41.64,41.270,41.220,39.560
21 Sep 2020,41.940,42.19,41.800,41.750,40.090
18 Sep 2020,43.170,43.49,42.990,43.070,41.120
17 Sep 2020,41.880,42.13,41.730,41.620,40.040
16 Sep 2020,41.260,41.56,41.290,41.050,39.360
15 Sep 2020,39.320,39.63,39.280,38.990,37.280
14 Sep 2020,39.110,39.59,39.040,38.820,37.110
11 Sep 2020,39.350,39.97,39.340,39.140,37.300
10 Sep 2020,39.860,40.54,39.860,39.510,37.730
09 Sep 2020,39.590,40.22,39.600,39.280,37.310
08 Sep 2020,40.840,41.42,40.810,40.670,38.430
07 Sep 2020,42.810,42.02,41.570,41.410,39.220
04 Sep 2020,45.000,44.25,43.920,43.800,41.620
03 Sep 2020,44.630,43.95,43.570,43.330,41.170
02 Sep 2020,46.510,45.96,45.430,45.220,43.130
01 Sep 2020,46.250,45.80,45.310,45.050,43.100
31 Aug 2020,46.670,46.47,45.740,45.520,43.450
28 Aug 2020,45.370,44.88,44.460,44.110,42.840
27 Aug 2020,46.210,45.78,45.070,44.970,43.360
26 Aug 2020,46.100,45.86,45.350,44.730,43.270
25 Aug 2020,45.710,45.34,44.940,44.320,42.610
24 Aug 2020,45.170,44.66,44.420,43.910,42.640
21 Aug 2020,45.230,44.73,44.670,43.910,42.610
20 Aug 2020,44.850,44.95,44.490,43.900,42.500
19 Aug 2020,44.850,44.93,44.310,43.870,42.430
18 Aug 2020,45.300,45.47,44.850,44.270,42.920
17 Aug 2020,44.700,44.95,44.120,43.500,42.190
14 Aug 2020,44.970,44.72,43.740,43.120,42.010
13 Aug 2020,45.730,45.47,44.450,44.060,42.710
12 Aug 2020,45.200,44.87,43.960,43.630,41.980
11 Aug 2020,45.540,45.32,44.250,44.120,42.370
10 Aug 2020,,44.84,,,#N/A
07 Aug 2020,45.960,44.77,44.010,43.680,41.610
06 Aug 2020,46.050,44.97,43.970,43.580,41.740
05 Aug 2020,45.990,44.74,44.000,43.580,42.000
04 Aug 2020,45.030,43.71,43.140,42.740,40.590
03 Aug 2020,44.660,43.21,42.850,42.490,39.890
31 Jul 2020,,43.19,,,#N/A
30 Jul 2020,43.900,43.34,42.910,42.970,40.830
29 Jul 2020,44.200,43.70,43.350,43.230,41.420
28 Jul 2020,44.060,43.41,43.280,43.280,41.400
27 Jul 2020,43.790,43.22,43.260,43.240,41.180
24 Jul 2020,43.600,43.35,43.560,43.110,41.150
23 Jul 2020,45.150,44.63,44.980,44.500,42.200
22 Jul 2020,44.630,44.00,44.660,44.210,41.530
21 Jul 2020,44.250,43.82,44.380,43.620,41.260
20 Jul 2020,43.170,42.85,43.090,42.470,40.300
17 Jul 2020,43.520,43.09,43.270,42.750,40.510
16 Jul 2020,43.950,43.47,43.880,43.300,40.760
15 Jul 2020,44.290,43.49,44.320,44.020,40.880
14 Jul 2020,43.000,42.18,43.090,42.590,39.470
13 Jul 2020,43.940,42.79,43.750,43.140,40.050
10 Jul 2020,,41.74,,,#N/A
09 Jul 2020,44.190,43.22,44.050,43.500,40.750
08 Jul 2020,43.970,43.05,43.800,43.160,40.520
07 Jul 2020,42.820,42.66,43.450,42.710,40.140
06 Jul 2020,43.600,43.59,44.260,43.360,40.970
03 Jul 2020,42.730,42.70,43.300,42.630,40.200
02 Jul 2020,42.530,42.41,43.460,42.520,40.200
01 Jul 2020,42.480,42.28,43.510,42.490,40.260
30 Jun 2020,41.060,41.44,42.110,42.050,39.430
29 Jun 2020,39.610,40.22,40.980,40.530,37.820
26 Jun 2020,41.040,41.49,42.490,42.020,39.050
25 Jun 2020,39.790,40.07,41.290,40.520,37.720
24 Jun 2020,41.780,42.23,42.990,42.360,39.850
23 Jun 2020,42.780,43.48,44.070,43.460,41.100
22 Jun 2020,41.600,42.22,43.000,42.190,39.670
19 Jun 2020,42.040,42.76,43.820,43.360,40.120
18 Jun 2020,40.000,40.80,42.140,40.890,37.880
17 Jun 2020,40.730,41.41,42.350,41.250,38.690
16 Jun 2020,39.610,40.18,41.060,39.980,37.460
15 Jun 2020,38.430,38.11,39.040,38.240,35.300
12 Jun 2020,38.680,38.13,39.110,38.480,35.840
11 Jun 2020,40.820,40.41,41.300,40.780,38.220
10 Jun 2020,41.020,40.44,41.580,41.040,38.090
09 Jun 2020,40.860,40.35,41.360,40.360,37.510
08 Jun 2020,43.210,42.84,43.790,43.030,39.920
05 Jun 2020,35.630,40.63,41.490,40.250,37.810
04 Jun 2020,34.220,39.42,39.960,38.630,36.730
03 Jun 2020,35.040,40.13,40.850,39.640,37.530
02 Jun 2020,34.150,39.18,40.390,38.850,36.110
01 Jun 2020,33.100,37.75,39.620,37.770,35.280
29 May 2020,32.050,34.59,35.090,34.000,32.820
28 May 2020,31.170,33.72,35.490,33.400,31.700
27 May 2020,32.520,35.52,36.970,34.140,33.800
26 May 2020,33.290,36.09,37.700,34.680,34.140
22 May 2020,31.360,34.03,35.660,32.480,31.640
21 May 2020,33.080,36.05,37.610,34.500,33.890
20 May 2020,31.340,34.69,36.110,33.220,31.860
19 May 2020,31.740,34.99,36.060,34.040,32.400
18 May 2020,30.670,33.81,35.460,32.930,31.040
15 May 2020,29.180,32.15,34.950,31.980,28.420
14 May 2020,28.020,29.99,33.920,30.070,26.080
13 May 2020,26.010,29.21,32.420,26.980,25.430
12 May 2020,26.720,29.99,31.490,27.150,24.810
11 May 2020,27.040,29.94,31.160,28.060,23.910
08 May 2020,24.320,29.87,30.730,28.210,24.120
07 May 2020,,29.60,,,#N/A
06 May 2020,25.570,31.52,31.880,29.470,25.110
05 May 2020,23.690,29.24,30.050,27.680,22.410
04 May 2020,21.000,25.60,28.270,24.710,18.190
01 May 2020,,26.08,,,#N/A
30 Apr 2020,20.190,24.44,26.610,19.750,17.200
29 Apr 2020,17.470,20.92,20.150,17.410,13.890
28 Apr 2020,16.770,19.12,16.820,16.800,10.280
27 Apr 2020,18.300,20.70,19.450,17.870,14.760
24 Apr 2020,18.750,20.85,20.000,17.160,15.910
23 Apr 2020,20.010,21.96,21.150,18.470,15.310
22 Apr 2020,15.470,17.32,20.110,13.280,11.120
21 Apr 2020,19.750,22.35,21.850,16.170,1.760
20 Apr 2020,22.120,26.99,24.870,22.400,14.210
17 Apr 2020,22.370,27.70,24.270,21.530,18.360
16 Apr 2020,21.850,28.10,23.660,21.600,20.260
15 Apr 2020,23.130,28.21,23.730,20.650,19.470
14 Apr 2020,29.370,31.42,24.970,22.760,22.150
13 Apr 2020,29.460,30.81,25.050,24.600,22.540
09 Apr 2020,29.770,32.92,26.660,24.530,25.710
08 Apr 2020,30.940,31.96,26.090,23.840,24.470
07 Apr 2020,32.240,33.75,27.730,27.210,27.050
06 Apr 2020,31.410,33.06,29.540,28.460,27.650
03 Apr 2020,29.430,30.83,28.140,27.280,25.240
02 Apr 2020,27.400,26.85,23.340,23.600,21.850
01 Apr 2020,26.530,24.88,22.560,22.660,20.100
31 Mar 2020,24.540,23.19,26.550,23.670,21.080
30 Mar 2020,23.780,22.88,23.950,23.170,20.390
27 Mar 2020,25.530,25.78,26.120,25.060,22.660
26 Mar 2020,26.170,26.30,28.540,25.940,23.520
25 Mar 2020,27.140,27.57,29.440,26.470,24.530
24 Mar 2020,27.450,27.80,27.890,26.380,24.410
23 Mar 2020,25.110,25.61,26.180,24.680,22.540
20 Mar 2020,29.150,30.36,30.840,29.350,27.340
19 Mar 2020,26.860,26.75,28.090,26.800,23.210
18 Mar 2020,28.500,28.35,30.010,28.900,26.040
17 Mar 2020,30.960,30.66,31.510,30.930,29.820
16 Mar 2020,30.860,31.56,31.380,31.260,30.200
13 Mar 2020,37.930,34.57,34.790,33.380,32.810
12 Mar 2020,36.840,34.06,33.730,32.460,31.430
11 Mar 2020,36.690,36.72,35.390,34.700,33.800
10 Mar 2020,37.940,36.56,34.400,33.950,33.400
09 Mar 2020,36.700,36.00,33.300,33.650,35.280
06 Mar 2020,52.440,49.08,49.000,48.390,45.170
05 Mar 2020,54.610,51.40,51.070,50.840,46.960
04 Mar 2020,54.570,51.66,51.320,50.910,47.140
03 Mar 2020,55.310,52.71,52.150,51.750,47.680
02 Mar 2020,54.220,51.61,50.950,50.530,46.370
28 Feb 2020,51.560,50.86,49.110,48.760,45.850
27 Feb 2020,53.410,52.81,50.470,50.700,48.110
26 Feb 2020,55.040,54.49,53.020,52.280,49.640
25 Feb 2020,57.070,56.46,55.290,54.520,51.460
24 Feb 2020,57.120,56.57,55.420,54.590,51.720
21 Feb 2020,59.070,58.48,57.310,56.470,53.230
20 Feb 2020,59.600,58.92,57.670,56.960,53.300
19 Feb 2020,58.970,58.13,57.050,56.610,52.460
18 Feb 2020,57.590,56.70,55.790,55.220,51.290
17 Feb 2020,58.530,57.36,56.510,55.950,52.180
14 Feb 2020,57.990,56.43,55.810,55.540,51.500
13 Feb 2020,57.420,55.38,54.730,54.660,50.940
12 Feb 2020,57.080,55.18,54.560,54.300,50.740
11 Feb 2020,55.960,53.93,53.220,53.080,50.120
10 Feb 2020,56.780,54.11,53.450,53.290,49.970
07 Feb 2020,57.620,54.86,54.460,54.340,50.850
06 Feb 2020,58.170,55.84,55.270,55.230,51.570
05 Feb 2020,56.520,54.31,53.710,53.610,49.880
04 Feb 2020,56.900,54.85,54.040,53.840,50.790
03 Feb 2020,58.700,56.04,55.380,54.990,51.350
31 Jan 2020,60.330,58.97,59.660,57.970,52.850
30 Jan 2020,60.030,58.86,58.170,57.480,52.450
29 Jan 2020,61.700,60.14,61.910,59.350,54.070
28 Jan 2020,60.520,59.01,61.920,58.580,52.980
27 Jan 2020,,59.53,,,#N/A
24 Jan 2020,63.940,62.40,62.770,62.190,55.840
23 Jan 2020,64.370,62.59,63.220,62.620,56.010
22 Jan 2020,66.040,64.33,64.890,64.370,58.090
21 Jan 2020,66.060,64.55,64.850,64.400,58.030
20 Jan 2020,66.710,65.50,65.680,65.500,59.020
17 Jan 2020,66.220,64.76,65.350,64.590,58.630
16 Jan 2020,66.120,64.29,65.150,64.510,58.080
15 Jan 2020,66.240,64.38,65.230,64.730,58.090
14 Jan 2020,66.180,64.13,65.180,64.620,57.960
13 Jan 2020,67.280,65.01,66.020,65.580,59.070
10 Jan 2020,67.490,65.33,66.480,65.700,59.460
09 Jan 2020,68.070,65.71,66.670,65.840,59.850
08 Jan 2020,71.270,69.12,69.920,69.020,63.300
07 Jan 2020,70.510,68.47,69.080,68.140,62.920
06 Jan 2020,72.090,70.01,70.450,69.540,64.120
03 Jan 2020,70.360,68.28,68.620,67.630,62.920
02 Jan 2020,68.400,66.41,66.300,65.590,61.350
31 Dec 2019,68.930,66.73,67.420,67.410,61.610
30 Dec 2019,69.280,68.27,68.310,67.850,61.720
27 Dec 2019,69.380,68.19,67.630,67.970,61.930
26 Dec 2019,69.050,67.38,67.450,67.390,61.260
24 Dec 2019,68.390,66.51,66.420,66.820,60.550
23 Dec 2019,67.670,65.87,66.290,66.210,60.150
20 Dec 2019,68.470,66.63,67.230,66.880,61.150
19 Dec 2019,67.950,66.09,66.780,66.330,60.860
18 Dec 2019,67.670,65.86,66.470,65.890,60.550
17 Dec 2019,67.610,65.48,66.260,65.750,60.290
16 Dec 2019,67.510,65.32,66.210,65.450,60.110
13 Dec 2019,67.030,64.80,65.680,64.920,59.590
12 Dec 2019,66.080,63.92,64.740,63.850,58.810
11 Dec 2019,65.730,63.86,64.650,63.490,58.870
10 Dec 2019,65.890,64.11,64.860,63.900,58.870
09 Dec 2019,65.790,64.10,64.790,63.740,58.830
06 Dec 2019,64.740,63.42,64.150,63.030,58.440
05 Dec 2019,64.410,62.91,63.800,62.700,58.230
04 Dec 2019,62.790,61.16,62.190,60.950,56.370
03 Dec 2019,62.770,61.20,62.110,60.800,56.280
02 Dec 2019,62.780,61.33,61.760,60.810,56.110
29 Nov 2019,65.720,63.79,63.430,63.800,58.120
28 Nov 2019,65.230,63.87,63.170,63.300,57.760
27 Nov 2019,65.520,64.28,63.690,64.020,58.390
26 Nov 2019,64.650,63.58,63.170,63.020,57.890
25 Nov 2019,64.890,63.68,63.680,63.520,57.980
22 Nov 2019,65.080,63.84,64.630,63.780,58.370
21 Nov 2019,63.420,62.17,63.120,62.130,56.830
20 Nov 2019,61.640,60.55,61.440,60.330,54.930
19 Nov 2019,63.160,62.31,62.820,61.800,56.840
18 Nov 2019,64.120,63.26,63.790,62.760,57.840
15 Nov 2019,63.540,62.48,63.020,61.960,57.010
14 Nov 2019,64.170,62.83,63.380,62.290,57.530
13 Nov 2019,63.290,61.73,62.850,61.300,56.610
12 Nov 2019,63.460,62.48,63.330,61.970,57.080
11 Nov 2019,62.440,61.85,62.430,60.950,56.580
08 Nov 2019,62.260,61.76,61.960,60.780,56.560
07 Nov 2019,62.530,62.05,62.120,61.010,56.690
06 Nov 2019,62.940,62.51,62.750,61.340,56.890
05 Nov 2019,62.720,62.45,62.480,61.200,56.760
04 Nov 2019,62.120,61.52,61.870,60.410,56.050
01 Nov 2019,60.270,59.59,59.870,58.540,54.270
31 Oct 2019,62.250,61.04,60.880,60.870,55.470
30 Oct 2019,62.680,61.51,61.650,61.290,55.350
29 Oct 2019,62.410,61.15,61.110,61.410,55.320
28 Oct 2019,,61.74,,,#N/A
25 Oct 2019,62.560,61.32,62.390,61.580,55.880
24 Oct 2019,62.070,60.76,62.410,60.800,55.490
23 Oct 2019,60.870,59.42,60.740,59.450,54.120
22 Oct 2019,60.490,58.94,59.950,58.940,53.220
21 Oct 2019,60.890,59.28,60.170,59.380,53.800
18 Oct 2019,61.200,59.82,60.760,59.750,54.010
17 Oct 2019,60.580,59.08,60.300,59.110,52.950
16 Oct 2019,60.350,58.62,59.750,58.690,52.770
15 Oct 2019,61.200,59.01,60.370,59.390,53.270
14 Oct 2019,61.900,59.90,60.900,59.830,54.180
11 Oct 2019,62.330,60.49,61.410,60.640,54.760
10 Oct 2019,59.740,58.27,58.780,57.860,52.570
09 Oct 2019,59.290,58.01,58.780,57.540,52.420
08 Oct 2019,59.820,58.65,59.060,58.210,52.950
07 Oct 2019,59.830,58.57,58.980,58.430,53.080
04 Oct 2019,59.290,58.12,58.530,57.830,52.780
03 Oct 2019,58.900,57.69,57.950,57.280,52.730
02 Oct 2019,59.240,59.05,59.250,58.520,54.040
01 Oct 2019,59.790,59.94,59.760,59.110,54.710
30 Sep 2019,61.300,61.40,61.770,60.750,55.620
27 Sep 2019,63.220,62.70,62.690,61.950,56.520
26 Sep 2019,62.860,62.30,62.120,61.910,56.380
25 Sep 2019,62.580,62.19,62.150,61.500,56.590
24 Sep 2019,64.450,64.11,63.870,63.430,58.120
23 Sep 2019,64.600,64.25,64.200,63.360,58.150
20 Sep 2019,65.340,64.73,64.810,64.450,58.610
19 Sep 2019,64.270,63.96,63.790,63.070,58.300
18 Sep 2019,65.070,64.50,63.890,63.270,59.050
17 Sep 2019,69.150,68.82,68.620,67.710,62.200
16 Sep 2019,64.810,65.47,64.740,63.920,59.140
13 Sep 2019,60.040,60.13,59.430,58.350,54.930
12 Sep 2019,60.950,61.10,60.440,59.250,56.110
11 Sep 2019,62.260,62.92,62.000,60.830,57.910
10 Sep 2019,62.230,62.72,62.030,60.980,58.010
09 Sep 2019,61.280,61.71,61.340,59.980,56.720
06 Sep 2019,60.630,60.94,60.330,59.220,56.250
05 Sep 2019,60.080,60.40,59.400,58.410,55.880
04 Sep 2019,58.440,58.60,57.590,56.790,54.360
03 Sep 2019,57.830,58.08,57.470,56.480,54.380
02 Sep 2019,58.780,58.90,58.790,57.710,54.930
30 Aug 2019,61.320,60.83,60.300,59.630,56.280
29 Aug 2019,61.000,60.47,59.180,59.350,56.070
28 Aug 2019,60.620,59.89,59.460,59.120,55.500
27 Aug 2019,59.470,58.96,58.990,58.030,53.950
26 Aug 2019,59.970,59.49,59.470,58.700,54.300
23 Aug 2019,60.740,59.94,60.320,59.400,55.350
22 Aug 2019,61.490,60.48,61.250,60.160,55.920
21 Aug 2019,61.190,60.42,60.940,59.890,56.330
20 Aug 2019,60.460,59.91,60.010,59.170,56.420
19 Aug 2019,59.580,59.20,59.350,58.340,55.410
16 Aug 2019,59.420,59.18,59.300,58.250,55.290
15 Aug 2019,59.510,59.23,59.260,58.270,55.130
14 Aug 2019,60.800,60.62,60.610,59.530,56.290
13 Aug 2019,58.900,58.52,58.660,57.740,54.880
12 Aug 2019,,58.20,,,#N/A
09 Aug 2019,,57.69,,,#N/A
08 Aug 2019,57.940,57.44,57.790,56.710,52.540
07 Aug 2019,59.100,58.84,58.940,57.840,53.620
06 Aug 2019,60.060,60.03,59.830,58.830,55.070
05 Aug 2019,60.770,60.95,60.700,59.620,54.760
02 Aug 2019,61.590,61.75,61.580,60.300,54.850
01 Aug 2019,64.320,64.26,63.860,62.970,57.760
31 Jul 2019,65.800,65.18,65.280,64.230,58.310
30 Jul 2019,65.040,64.27,63.780,63.520,57.360
29 Jul 2019,63.940,63.02,63.380,62.370,56.000
26 Jul 2019,64.330,63.38,63.930,62.840,56.110
25 Jul 2019,64.620,63.58,64.120,62.940,56.250
24 Jul 2019,64.930,64.16,64.200,63.210,57.170
23 Jul 2019,63.850,63.30,62.900,62.060,56.340
22 Jul 2019,64.450,63.91,63.740,62.760,56.780
19 Jul 2019,63.200,62.70,62.240,61.390,55.860
18 Jul 2019,63.750,63.53,62.600,62.100,56.600
17 Jul 2019,64.860,64.88,63.730,63.120,57.930
16 Jul 2019,66.120,66.47,65.010,64.850,59.560
15 Jul 2019,66.560,66.64,65.640,65.190,59.990
12 Jul 2019,67.230,67.15,66.540,65.700,60.680
11 Jul 2019,67.310,67.41,66.770,65.860,60.730
10 Jul 2019,65.370,65.37,64.520,63.980,59.090
09 Jul 2019,64.200,64.06,63.170,62.750,57.490
08 Jul 2019,64.620,64.63,63.600,63.140,57.840
05 Jul 2019,63.280,63.20,62.180,61.530,56.520
04 Jul 2019,63.540,63.33,62.090,61.590,56.880
03 Jul 2019,62.750,62.33,61.010,60.650,56.250
02 Jul 2019,65.400,64.93,63.520,63.330,58.930
01 Jul 2019,66.740,66.60,65.160,64.650,60.120
28 Jun 2019,66.130,66.22,64.630,64.530,59.170
27 Jun 2019,65.950,65.95,64.320,64.570,58.990
26 Jun 2019,65.620,65.73,64.100,64.320,58.740
25 Jun 2019,64.730,64.68,63.380,63.570,57.880
24 Jun 2019,65.460,65.52,64.020,64.450,58.000
21 Jun 2019,65.120,64.96,64.240,64.250,57.310
20 Jun 2019,63.460,63.37,62.640,62.630,55.230
19 Jun 2019,62.060,62.15,61.290,61.350,53.940
18 Jun 2019,60.600,60.86,59.970,59.720,52.000
17 Jun 2019,61.530,61.96,60.700,60.480,52.310
14 Jun 2019,60.760,60.90,59.900,59.640,51.860
13 Jun 2019,61.200,61.40,60.360,60.070,52.270
12 Jun 2019,60.940,60.93,59.960,59.680,51.990
11 Jun 2019,62.320,62.29,61.350,61.100,53.620
10 Jun 2019,62.870,63.35,61.970,61.680,54.130
07 Jun 2019,62.290,62.74,61.260,61.020,53.450
06 Jun 2019,60.520,60.92,59.370,59.120,51.940
05 Jun 2019,,61.43,,,#N/A
04 Jun 2019,61.210,60.89,60.240,59.840,52.950
03 Jun 2019,60.920,60.82,60.400,59.960,52.850
31 May 2019,64.480,65.88,64.170,64.110,56.000
30 May 2019,67.620,69.71,66.920,67.420,59.430
29 May 2019,67.330,69.19,67.080,67.340,58.280
28 May 2019,68.360,70.15,68.480,68.470,59.070
27 May 2019,66.900,68.66,67.340,66.810,58.270
24 May 2019,66.940,68.59,67.380,66.960,58.630
23 May 2019,69.010,70.31,69.410,69.370,60.930
22 May 2019,70.990,71.71,71.320,71.240,62.560
21 May 2019,71.640,71.92,71.760,71.620,63.330
20 May 2019,,72.75,,,#N/A
17 May 2019,72.540,72.75,72.740,72.410,63.070
16 May 2019,72.280,72.31,72.430,71.920,62.470
15 May 2019,70.840,70.94,70.880,70.400,61.280
14 May 2019,70.100,70.18,70.380,69.680,60.850
13 May 2019,71.210,71.59,71.730,70.780,62.260
10 May 2019,70.420,70.67,70.770,69.970,61.960
09 May 2019,69.010,69.76,69.850,69.010,61.510
08 May 2019,69.040,70.04,69.980,69.130,61.730
07 May 2019,70.160,70.98,71.020,70.330,62.110
06 May 2019,69.000,69.76,69.840,69.140,60.820
03 May 2019,69.510,70.20,70.480,70.010,61.490
02 May 2019,70.920,71.55,71.780,71.370,63.030
01 May 2019,,71.51,,,#N/A
30 Apr 2019,72.340,72.25,72.350,71.820,63.740
29 Apr 2019,71.610,71.61,71.200,71.220,62.930
26 Apr 2019,73.740,74.22,73.500,73.620,64.940
25 Apr 2019,74.590,75.33,74.730,74.490,66.090
24 Apr 2019,73.880,74.21,73.900,73.770,65.920
23 Apr 2019,73.840,74.36,73.910,73.410,65.950
22 Apr 2019,73.630,73.91,73.510,73.180,65.490
18 Apr 2019,71.710,71.77,71.090,71.160,63.860
17 Apr 2019,71.870,72.13,71.530,71.240,64.520
16 Apr 2019,70.960,70.86,70.480,70.160,63.240
15 Apr 2019,71.200,71.51,70.680,70.390,63.660
12 Apr 2019,71.150,71.38,70.550,70.210,64.210
11 Apr 2019,71.400,71.48,70.800,70.530,64.190
10 Apr 2019,70.920,70.85,70.320,70.160,64.280
09 Apr 2019,71.020,71.25,70.780,70.510,64.620
08 Apr 2019,70.820,70.77,70.520,70.200,63.460
05 Apr 2019,69.420,69.05,68.980,68.750,61.930
04 Apr 2019,69.260,68.93,68.820,68.570,62.180
03 Apr 2019,69.990,69.84,69.630,69.360,62.860
02 Apr 2019,69.430,69.13,68.970,68.700,61.730
01 Apr 2019,68.920,68.62,68.270,68.080,60.750
29 Mar 2019,68.140,68.15,67.450,67.140,59.780
28 Mar 2019,67.580,67.36,66.540,66.600,58.950
27 Mar 2019,68.350,68.21,67.530,67.400,59.850
26 Mar 2019,68.140,67.61,67.160,67.070,59.450
25 Mar 2019,67.440,66.74,66.440,66.400,58.700
22 Mar 2019,68.450,67.61,67.450,67.410,59.820
21 Mar 2019,69.330,68.59,68.260,68.320,60.180
20 Mar 2019,68.740,67.81,67.640,67.720,59.080
19 Mar 2019,68.640,67.79,67.740,67.700,59.180
18 Mar 2019,68.200,67.29,67.470,67.280,58.450
15 Mar 2019,68.650,67.69,67.840,67.690,58.940
14 Mar 2019,69.110,68.06,68.340,68.170,58.610
13 Mar 2019,68.100,66.86,67.290,67.150,57.160
12 Mar 2019,68.120,66.90,67.220,67.130,57.110
11 Mar 2019,67.990,66.52,66.860,66.790,56.760
08 Mar 2019,67.010,65.48,65.820,65.790,56.110
07 Mar 2019,67.630,66.12,66.560,66.390,56.190
06 Mar 2019,66.960,65.46,65.820,65.670,56.090
05 Mar 2019,66.960,65.51,65.700,65.510,56.390
04 Mar 2019,66.670,65.35,65.330,65.250,56.020
01 Mar 2019,67.900,66.73,66.680,66.580,57.610
28 Feb 2019,67.300,65.96,66.080,65.800,56.720
27 Feb 2019,66.700,65.44,65.420,65.380,55.890
26 Feb 2019,65.840,64.60,64.600,64.540,55.200
25 Feb 2019,68.110,66.83,66.880,66.890,57.020
22 Feb 2019,68.470,67.10,67.250,67.170,57.080
21 Feb 2019,68.340,67.04,67.200,67.210,57.220
20 Feb 2019,67.470,66.29,66.470,66.510,56.190
19 Feb 2019,67.520,66.55,66.640,66.500,56.020
18 Feb 2019,67.790,66.80,66.880,66.700,56.140
15 Feb 2019,65.930,64.81,65.420,65.150,54.510
14 Feb 2019,66.120,64.60,65.590,65.260,54.610
13 Feb 2019,64.500,63.01,63.530,63.390,53.530
12 Feb 2019,63.410,61.89,62.430,62.230,52.740
11 Feb 2019,63.150,61.95,62.200,61.960,52.290
08 Feb 2019,62.760,61.45,61.790,61.570,52.380
07 Feb 2019,63.630,62.32,62.710,62.420,53.760
06 Feb 2019,,61.63,,,#N/A
05 Feb 2019,,62.45,,,#N/A
04 Feb 2019,64.440,62.87,63.370,62.990,55.270
01 Feb 2019,62.380,60.81,61.220,60.790,53.670
31 Jan 2019,63.440,62.06,61.900,61.700,54.480
30 Jan 2019,62.650,61.26,61.170,60.970,53.270
29 Jan 2019,61.150,59.82,59.560,59.560,51.970
28 Jan 2019,61.920,60.61,60.550,60.250,52.720
25 Jan 2019,62.840,61.53,61.420,61.320,53.660
24 Jan 2019,62.000,60.65,60.610,60.620,52.220
23 Jan 2019,62.480,61.59,61.440,61.120,53.080
22 Jan 2019,62.710,62.08,61.730,61.390,53.330
21 Jan 2019,63.100,62.38,62.280,61.850,53.620
18 Jan 2019,62.360,61.57,61.530,60.900,52.490
17 Jan 2019,61.510,60.86,60.450,60.150,51.870
16 Jan 2019,61.600,60.87,60.560,60.000,52.210
15 Jan 2019,60.250,59.33,59.060,58.450,50.930
14 Jan 2019,60.630,59.81,59.430,59.010,50.960
11 Jan 2019,62.840,62.17,61.570,61.100,53.100
10 Jan 2019,61.470,60.67,60.010,59.560,51.640
09 Jan 2019,60.040,59.32,58.300,58.130,50.370
08 Jan 2019,58.390,57.47,56.560,56.250,48.590
07 Jan 2019,58.990,58.29,57.050,56.860,48.980
04 Jan 2019,57.820,56.71,55.750,55.420,47.830
03 Jan 2019,55.480,54.09,53.350,53.120,45.560
02 Jan 2019,54.080,52.68,52.210,51.760,44.580
28 Dec 2018,54.780,53.38,51.880,52.910,45.800
27 Dec 2018,54.970,53.90,53.580,53.300,45.820
26 Dec 2018,51.250,50.22,50.040,49.470,42.850
21 Dec 2018,55.400,54.56,54.330,53.420,46.170
20 Dec 2018,56.350,55.65,55.680,54.440,46.660
19 Dec 2018,57.030,56.63,55.720,55.220,46.440
18 Dec 2018,58.990,58.48,57.680,57.130,48.950
17 Dec 2018,60.840,60.22,59.310,58.980,51.150
14 Dec 2018,61.530,60.91,60.000,59.540,52.250
13 Dec 2018,60.650,60.01,59.000,58.680,50.940
12 Dec 2018,61.480,60.70,59.660,59.320,52.120
11 Dec 2018,60.500,59.91,58.620,58.350,50.970
10 Dec 2018,62.240,61.74,60.500,60.200,52.320
07 Dec 2018,60.420,59.75,58.790,58.300,51.120
06 Dec 2018,61.930,61.00,60.170,59.740,52.370
05 Dec 2018,62.300,61.00,60.190,59.810,52.300
04 Dec 2018,63.760,62.45,61.760,61.370,53.650
03 Dec 2018,63.490,62.18,61.450,60.960,53.440
30 Nov 2018,61.100,59.51,59.290,59.210,51.260
29 Nov 2018,60.170,58.51,58.670,58.240,50.330
28 Nov 2018,62.230,60.95,60.650,60.190,52.200
27 Nov 2018,61.200,60.08,59.410,59.160,51.140
26 Nov 2018,61.250,60.16,59.820,59.150,51.300
23 Nov 2018,63.140,61.93,61.770,61.360,53.330
22 Nov 2018,64.330,63.07,63.060,62.370,54.280
21 Nov 2018,64.610,63.38,63.300,62.470,54.450
20 Nov 2018,67.580,66.43,66.150,65.430,57.000
19 Nov 2018,68.290,67.21,66.790,66.180,57.120
16 Nov 2018,68.600,67.64,67.140,66.510,57.280
15 Nov 2018,67.630,66.35,66.030,65.340,56.210
14 Nov 2018,66.670,65.28,64.990,64.240,55.380
13 Nov 2018,70.870,69.48,68.950,68.480,59.260
12 Nov 2018,72.890,71.58,71.170,70.570,61.040
09 Nov 2018,72.010,70.35,69.770,69.400,60.260
08 Nov 2018,74.050,72.71,71.760,71.500,62.220
07 Nov 2018,73.220,71.91,71.090,70.750,61.860
06 Nov 2018,,72.57,,,#N/A
05 Nov 2018,73.560,72.42,71.660,71.100,62.720
02 Nov 2018,74.170,72.73,71.930,71.340,63.430
01 Nov 2018,76.050,74.68,73.730,73.260,65.050
31 Oct 2018,78.160,76.79,76.430,75.960,66.890
30 Oct 2018,78.460,77.19,76.710,76.120,67.110
29 Oct 2018,78.370,77.21,76.170,76.040,67.250
26 Oct 2018,77.680,76.58,76.130,75.420,66.890
25 Oct 2018,77.250,76.07,75.890,74.960,66.620
24 Oct 2018,76.720,75.69,75.450,74.670,66.290
23 Oct 2018,79.880,79.00,78.700,77.780,68.820
22 Oct 2018,80.780,80.31,79.710,78.930,69.530
19 Oct 2018,79.810,79.35,78.740,77.740,68.680
18 Oct 2018,80.520,79.83,78.990,78.580,69.610
17 Oct 2018,82.300,81.71,80.920,80.220,72.100
16 Oct 2018,80.950,80.20,79.350,78.750,71.240
15 Oct 2018,81.410,81.05,79.920,79.240,71.710
12 Oct 2018,81.330,80.99,80.050,79.520,71.720
11 Oct 2018,82.360,82.16,81.420,80.590,72.380
10 Oct 2018,84.630,84.66,83.860,82.930,74.650
09 Oct 2018,84.580,84.45,83.900,82.950,74.670
08 Oct 2018,83.240,82.87,82.460,81.490,73.380
05 Oct 2018,84.830,84.67,84.350,83.150,74.670
04 Oct 2018,85.990,86.18,85.380,84.360,76.330
03 Oct 2018,84.350,85.16,84.750,83.250,75.480
02 Oct 2018,84.050,84.93,84.260,82.860,75.590
01 Oct 2018,81.800,82.78,81.700,80.710,73.310
28 Sep 2018,81.810,81.85,84.890,80.280,72.290
27 Sep 2018,82.070,82.36,84.650,80.350,72.510
26 Sep 2018,81.640,82.14,88.990,79.780,72.340
25 Sep 2018,81.460,82.07,82.560,79.820,72.560
24 Sep 2018,80.050,80.58,80.050,78.440,72.100
21 Sep 2018,78.960,79.28,78.070,77.210,70.690
20 Sep 2018,79.240,79.58,78.190,77.570,71.610
19 Sep 2018,78.660,79.11,77.620,77.130,70.050
18 Sep 2018,77.330,77.80,76.340,75.780,68.800
17 Sep 2018,78.000,78.54,76.990,76.370,69.410
14 Sep 2018,77.990,78.45,76.960,76.430,68.990
13 Sep 2018,78.620,78.99,77.720,77.070,69.290
12 Sep 2018,78.490,79.36,77.980,77.420,69.910
11 Sep 2018,77.270,78.08,76.670,76.210,67.860
10 Sep 2018,76.990,77.74,76.310,75.830,68.390
07 Sep 2018,75.830,76.67,75.290,74.630,67.980
06 Sep 2018,76.530,77.31,75.850,75.160,68.640
05 Sep 2018,77.120,77.66,76.280,75.790,69.100
04 Sep 2018,78.900,78.82,77.320,77.040,70.750
03 Sep 2018,78.060,78.00,76.320,76.170,69.920
31 Aug 2018,77.640,77.33,75.790,75.780,70.010
30 Aug 2018,77.630,77.37,76.320,75.670,69.620
29 Aug 2018,76.330,75.78,74.620,74.290,68.430
28 Aug 2018,77.090,76.51,75.230,75.040,68.940
27 Aug 2018,76.420,75.58,74.490,74.390,68.410
24 Aug 2018,76.120,75.36,74.420,74.140,68.440
23 Aug 2018,75.240,74.44,73.540,73.070,67.730
22 Aug 2018,,73.27,,,#N/A
21 Aug 2018,73.300,72.45,71.430,71.110,66.700
20 Aug 2018,73.010,72.24,71.030,70.750,66.030
17 Aug 2018,72.710,71.75,70.640,70.380,65.700
16 Aug 2018,72.050,71.02,70.030,69.680,65.140
15 Aug 2018,73.030,72.00,70.910,70.620,66.530
14 Aug 2018,74.230,73.28,72.110,71.850,67.910
13 Aug 2018,73.680,72.71,71.580,71.370,67.550
10 Aug 2018,73.340,71.74,70.740,70.480,66.360
09 Aug 2018,,72.27,,,#N/A
08 Aug 2018,76.130,74.66,73.520,73.280,69.200
07 Aug 2018,75.560,74.19,72.930,72.720,69.270
06 Aug 2018,75.100,73.61,72.450,72.310,68.970
03 Aug 2018,74.990,73.26,72.030,71.950,68.660
02 Aug 2018,74.280,72.37,71.360,71.170,67.590
01 Aug 2018,75.550,73.94,72.420,72.300,68.350
31 Jul 2018,76.630,74.64,73.540,73.700,69.750
30 Jul 2018,76.370,74.46,72.470,73.260,69.280
27 Jul 2018,76.490,74.23,73.790,73.510,69.330
26 Jul 2018,76.520,74.52,73.840,73.470,69.240
25 Jul 2018,75.510,73.88,72.840,72.740,68.510
24 Jul 2018,74.370,72.95,71.770,71.430,67.830
23 Jul 2018,74.200,73.25,71.620,71.480,68.340
20 Jul 2018,74.220,73.32,71.560,71.370,69.900
19 Jul 2018,73.320,72.37,70.580,70.400,68.370
18 Jul 2018,72.500,71.28,69.740,69.770,67.430
17 Jul 2018,73.080,72.13,70.530,70.410,68.160
16 Jul 2018,75.790,75.09,73.100,72.970,70.520
13 Jul 2018,74.300,73.42,71.660,71.420,69.920
12 Jul 2018,75.470,74.74,72.630,72.470,70.940
11 Jul 2018,77.620,77.31,74.820,74.740,73.520
10 Jul 2018,79.000,78.88,76.140,76.070,74.290
09 Jul 2018,77.660,77.63,74.870,74.720,73.590
06 Jul 2018,77.050,77.16,74.280,74.110,72.940
05 Jul 2018,77.630,77.85,74.950,74.860,74.030
04 Jul 2018,77.800,77.94,75.140,74.940,73.990
03 Jul 2018,77.940,77.69,74.890,74.770,74.530
02 Jul 2018,78.630,78.45,75.650,75.420,73.800
29 Jun 2018,78.360,78.17,75.350,75.560,73.280
28 Jun 2018,77.910,77.41,75.250,75.260,72.510
27 Jun 2018,76.920,76.49,74.380,74.330,70.640
26 Jun 2018,75.550,75.14,73.140,73.020,68.510
25 Jun 2018,75.330,75.09,72.910,72.760,68.880
22 Jun 2018,74.280,74.24,71.820,71.780,66.380
21 Jun 2018,73.810,73.69,71.370,71.260,65.110
20 Jun 2018,75.330,75.68,72.940,72.790,65.600
19 Jun 2018,74.550,74.71,72.210,71.960,65.030
18 Jun 2018,73.470,73.28,71.090,70.950,64.180
15 Jun 2018,,75.59,,,#N/A
14 Jun 2018,76.820,76.59,74.400,74.330,66.630
13 Jun 2018,75.880,75.47,73.550,73.420,66.180
12 Jun 2018,77.130,76.85,74.820,74.720,66.370
11 Jun 2018,77.010,76.46,74.320,74.450,65.650
08 Jun 2018,77.350,76.91,74.860,74.790,65.650
07 Jun 2018,76.170,75.75,73.600,73.580,64.950
06 Jun 2018,76.360,75.83,73.790,73.700,65.640
05 Jun 2018,76.210,75.61,73.560,73.440,65.200
04 Jun 2018,77.000,76.79,74.550,74.470,65.940
01 Jun 2018,77.470,77.64,75.190,74.910,67.170
31 May 2018,77.880,77.30,76.530,75.350,68.000
30 May 2018,76.090,75.45,74.390,73.730,66.850
29 May 2018,,75.36,,,#N/A
28 May 2018,75.770,75.34,73.650,73.440,66.870
25 May 2018,78.210,77.95,75.870,75.790,70.190
24 May 2018,79.480,79.39,77.250,77.060,71.540
23 May 2018,79.190,79.06,76.750,76.650,71.870
22 May 2018,79.830,79.84,77.360,77.230,72.710
21 May 2018,79.090,78.97,76.500,76.440,71.620
18 May 2018,79.640,79.76,77.070,76.960,71.640
17 May 2018,79.330,79.55,76.710,76.660,71.760
16 May 2018,77.710,77.94,75.080,74.980,71.050
15 May 2018,78.080,78.60,75.440,75.300,71.000
14 May 2018,76.300,76.81,73.830,73.700,70.430
11 May 2018,77.060,77.46,74.500,74.480,71.490
10 May 2018,77.110,77.60,74.740,74.590,71.580
09 May 2018,76.350,76.99,74.000,73.810,71.060
08 May 2018,75.020,75.46,72.590,72.470,69.830
07 May 2018,75.050,75.46,72.600,72.550,70.350
04 May 2018,72.960,73.36,70.540,70.480,68.280
03 May 2018,72.800,73.51,70.670,70.620,68.150
02 May 2018,72.740,73.43,70.620,70.510,67.730
01 May 2018,,74.32,,,#N/A
30 Apr 2018,72.970,73.80,70.320,70.290,67.460
27 Apr 2018,73.530,74.62,71.200,70.860,67.960
26 Apr 2018,73.340,74.35,70.710,70.540,68.220
25 Apr 2018,73.130,74.14,70.410,70.310,67.950
24 Apr 2018,74.140,75.03,71.350,71.410,69.080
23 Apr 2018,72.980,73.71,70.300,70.280,68.020
20 Apr 2018,73.050,73.69,70.380,70.330,68.230
19 Apr 2018,73.500,74.28,70.860,70.810,69.170
18 Apr 2018,71.590,72.11,68.920,68.910,67.080
17 Apr 2018,70.820,71.36,68.190,68.110,66.230
16 Apr 2018,70.850,71.50,68.140,68.120,66.460
13 Apr 2018,71.760,72.49,69.110,69.010,67.540
12 Apr 2018,71.370,71.95,68.690,68.780,66.780
11 Apr 2018,70.190,70.69,67.640,67.650,65.260
10 Apr 2018,69.190,69.51,66.670,66.630,64.210
09 Apr 2018,67.370,67.45,64.750,64.820,62.330
06 Apr 2018,67.920,68.04,65.320,65.320,63.240
05 Apr 2018,68.040,68.24,65.450,65.350,63.540
04 Apr 2018,67.250,67.52,64.730,64.610,62.940
03 Apr 2018,67.860,68.20,65.240,65.150,63.470
02 Apr 2018,69.490,69.90,66.800,66.770,65.300
29 Mar 2018,69.100,69.89,65.030,65.230,64.690
28 Mar 2018,69.060,69.68,65.340,65.160,64.600
27 Mar 2018,69.710,70.26,66.530,65.960,65.660
26 Mar 2018,69.620,70.13,66.490,65.880,65.420
23 Mar 2018,68.750,69.26,65.930,65.050,64.790
22 Mar 2018,68.880,69.26,66.130,65.470,65.130
21 Mar 2018,67.390,67.54,64.710,64.020,63.650
20 Mar 2018,66.510,66.58,63.810,63.080,62.670
19 Mar 2018,65.930,65.83,63.160,62.490,61.980
16 Mar 2018,65.270,65.12,62.510,61.630,61.210
15 Mar 2018,64.990,64.86,62.210,61.520,61.050
14 Mar 2018,64.640,64.58,61.830,61.220,60.740
13 Mar 2018,64.930,64.82,61.890,61.340,61.250
12 Mar 2018,65.220,65.20,62.260,61.660,61.800
09 Mar 2018,63.850,63.75,60.850,60.250,60.210
08 Mar 2018,64.520,64.46,61.490,60.970,61.270
07 Mar 2018,65.160,65.19,62.270,61.630,62.050
06 Mar 2018,65.560,65.46,62.610,62.110,62.560
05 Mar 2018,64.900,64.95,61.990,61.500,61.820
02 Mar 2018,63.630,63.82,60.700,60.370,60.880
01 Mar 2018,64.790,64.89,61.810,61.400,61.760
28 Feb 2018,66.390,66.41,63.500,63.280,62.740
27 Feb 2018,67.160,67.30,64.500,63.980,63.690
26 Feb 2018,67.140,67.35,64.520,63.830,63.650
23 Feb 2018,66.110,66.22,63.300,62.890,62.680
22 Feb 2018,64.830,64.84,61.940,61.500,61.030
21 Feb 2018,64.600,64.51,61.750,61.300,60.990
20 Feb 2018,65.370,65.34,62.470,61.980,62.230
19 Feb 2018,65.160,65.19,62.320,61.930,62.170
16 Feb 2018,,64.78,,,#N/A
15 Feb 2018,65.050,64.91,61.530,61.680,61.270
14 Feb 2018,62.760,62.55,59.800,59.360,58.900
13 Feb 2018,63.240,63.07,60.230,59.970,59.640
12 Feb 2018,63.680,63.65,60.730,60.480,60.130
09 Feb 2018,64.310,64.31,61.480,61.110,60.490
08 Feb 2018,65.320,65.24,62.500,62.150,61.530
07 Feb 2018,67.240,67.19,64.370,64.100,63.650
06 Feb 2018,67.350,67.19,64.540,64.270,63.750
05 Feb 2018,68.070,67.86,65.290,65.050,64.760
02 Feb 2018,69.840,69.99,67.340,67.060,66.200
01 Feb 2018,68.910,69.06,66.450,66.170,65.000
31 Jan 2018,68.520,68.62,65.770,65.850,64.160
30 Jan 2018,69.060,68.89,66.730,66.280,64.800
29 Jan 2018,70.290,70.42,67.670,67.610,66.270
26 Jan 2018,70.060,70.27,67.490,67.390,65.400
25 Jan 2018,70.720,71.16,68.200,67.990,66.400
24 Jan 2018,69.560,69.67,67.060,66.760,64.400
23 Jan 2018,69.270,69.29,66.740,66.450,63.860
22 Jan 2018,68.910,68.85,66.400,66.070,63.610
19 Jan 2018,68.660,68.59,66.140,65.790,63.220
18 Jan 2018,69.310,69.29,66.740,66.460,63.990
17 Jan 2018,69.200,69.15,66.650,66.330,63.770
16 Jan 2018,69.820,69.87,67.310,67.050,64.400
15 Jan 2018,69.630,69.87,67.260,67.000,64.400
12 Jan 2018,68.820,69.03,66.540,66.170,63.350
11 Jan 2018,68.930,69.13,66.650,66.360,63.580
10 Jan 2018,69.070,69.21,66.720,66.410,63.510
09 Jan 2018,68.060,68.06,65.800,65.380,62.120
08 Jan 2018,67.600,67.63,65.370,65.020,61.530
05 Jan 2018,67.750,67.85,65.520,65.200,61.790
04 Jan 2018,67.830,67.94,65.660,65.290,61.900
03 Jan 2018,66.240,66.56,64.240,64.070,60.410
02 Jan 2018,66.500,66.86,64.550,64.290,60.180
29 Dec 2017,66.870,66.56,63.700,64.380,60.240
28 Dec 2017,66.480,66.62,63.650,64.000,59.800
27 Dec 2017,66.510,66.80,63.880,64.060,59.820
26 Dec 2017,65.110,65.24,62.730,62.670,58.480
22 Dec 2017,64.850,64.92,62.300,62.490,58.260
21 Dec 2017,64.590,64.65,62.310,62.300,58.170
20 Dec 2017,64.010,64.00,61.700,61.730,57.820
19 Dec 2017,63.720,63.77,61.630,61.410,57.510
18 Dec 2017,63.210,63.78,61.550,61.250,57.730
15 Dec 2017,63.100,63.63,61.210,61.110,57.420
14 Dec 2017,62.240,62.88,60.290,60.240,56.830
13 Dec 2017,63.310,64.07,61.440,61.290,57.660
12 Dec 2017,64.570,65.48,62.660,62.560,58.460
11 Dec 2017,63.030,63.20,61.040,60.850,57.120
08 Dec 2017,62.430,62.50,60.350,60.180,56.870
07 Dec 2017,61.670,61.49,59.530,59.470,56.110
06 Dec 2017,62.900,62.81,60.810,60.620,57.500
05 Dec 2017,62.300,62.30,60.110,60.000,57.280
04 Dec 2017,63.020,63.41,61.030,60.890,57.910
01 Dec 2017,62.810,63.14,60.770,60.680,57.760
30 Nov 2017,62.930,63.53,60.800,60.810,57.500
29 Nov 2017,63.030,63.34,60.890,61.280,57.780
28 Nov 2017,63.040,63.66,61.270,60.970,57.670
27 Nov 2017,63.430,63.68,61.520,61.490,58.500
24 Nov 2017,63.590,63.74,61.650,61.660,58.680
23 Nov 2017,62.980,63.11,61.090,60.980,57.900
22 Nov 2017,63.180,63.19,61.130,60.970,57.880
21 Nov 2017,62.730,62.48,60.590,60.550,56.520
20 Nov 2017,62.830,62.50,60.710,60.660,56.640
17 Nov 2017,61.820,61.39,59.660,59.760,55.430
16 Nov 2017,62.410,62.08,60.340,60.330,55.440
15 Nov 2017,62.030,61.66,59.990,60.010,55.160
14 Nov 2017,63.320,62.93,61.290,61.300,56.590
13 Nov 2017,63.590,63.32,61.600,61.600,56.660
10 Nov 2017,64.010,63.95,62.050,62.070,57.150
09 Nov 2017,63.570,63.48,61.650,61.610,56.860
08 Nov 2017,63.470,63.70,61.830,61.660,57.070
07 Nov 2017,64.090,64.46,62.340,62.310,57.480
06 Nov 2017,62.480,62.58,60.680,60.680,56.070
03 Nov 2017,60.810,60.76,59.030,59.020,54.770
02 Nov 2017,60.370,60.27,58.580,58.500,54.120
01 Nov 2017,60.970,61.43,59.730,59.630,54.920
31 Oct 2017,60.740,60.69,58.180,58.360,54.020
30 Oct 2017,60.670,60.74,58.000,58.350,54.040
27 Oct 2017,59.290,59.29,57.050,57.290,52.620
26 Oct 2017,58.410,58.29,56.190,56.380,52.040
25 Oct 2017,58.390,58.33,56.260,56.320,52.310
24 Oct 2017,57.380,57.17,55.290,55.410,51.800
23 Oct 2017,57.910,57.77,55.930,55.880,52.100
20 Oct 2017,57.320,57.20,55.210,55.380,51.210
19 Oct 2017,57.480,57.41,55.580,55.640,51.260
18 Oct 2017,,58.24,,,#N/A
17 Oct 2017,58.050,58.12,56.280,56.260,52.120
16 Oct 2017,57.830,57.84,56.040,56.020,52.070
13 Oct 2017,57.280,57.20,55.560,55.450,51.400
12 Oct 2017,56.710,56.63,55.040,54.930,50.900
11 Oct 2017,56.190,56.64,54.860,54.750,51.010
10 Oct 2017,55.650,55.99,54.210,54.080,49.750
09 Oct 2017,55.430,55.63,53.990,53.780,49.450
06 Oct 2017,56.840,57.16,55.410,55.270,50.730
05 Oct 2017,56.070,56.09,54.600,54.480,50.100
04 Oct 2017,55.540,55.51,54.110,53.960,50.070
03 Oct 2017,55.400,56.13,54.610,54.510,50.570
02 Oct 2017,56.030,56.60,55.260,55.180,51.480
29 Sep 2017,57.290,57.51,55.860,55.370,51.610
28 Sep 2017,57.490,57.73,56.040,55.080,52.090
27 Sep 2017,57.910,58.26,56.380,55.870,51.970
26 Sep 2017,58.010,58.61,56.780,56.450,51.990
25 Sep 2017,56.560,56.91,55.960,54.910,50.460
22 Sep 2017,56.390,56.40,55.620,54.790,50.610
21 Sep 2017,56.210,56.18,55.200,54.620,50.500
20 Sep 2017,55.440,55.39,54.350,53.930,49.850
19 Sep 2017,55.570,55.54,54.500,54.050,50.130
18 Sep 2017,55.760,55.68,54.640,54.250,50.220
15 Sep 2017,55.070,55.10,54.030,53.590,49.540
14 Sep 2017,55.010,55.12,53.940,53.610,49.350
13 Sep 2017,54.350,54.41,53.210,52.920,48.320
12 Sep 2017,53.310,53.59,52.480,52.190,47.860
11 Sep 2017,53.210,53.59,52.500,52.230,47.670
08 Sep 2017,54.260,54.72,53.500,53.250,49.030
07 Sep 2017,54.050,54.51,53.430,53.060,49.270
06 Sep 2017,53.370,53.42,52.500,52.240,48.750
05 Sep 2017,52.070,52.33,51.430,51.090,47.710
04 Sep 2017,51.640,52.06,51.060,50.690,47.220
01 Sep 2017,,52.49,,,#N/A
31 Aug 2017,50.750,50.79,49.600,49.450,46.130
30 Aug 2017,51.280,51.62,50.300,49.990,46.170
29 Aug 2017,51.340,52.06,50.440,50.060,46.920
28 Aug 2017,51.800,52.52,50.670,50.650,47.490
25 Aug 2017,51.780,52.53,50.710,50.580,47.850
24 Aug 2017,51.660,52.38,50.620,50.440,48.210
23 Aug 2017,51.070,51.69,50.010,49.810,47.700
22 Aug 2017,51.220,52.08,50.120,50.070,47.770
21 Aug 2017,51.950,52.62,50.800,50.660,48.490
18 Aug 2017,50.510,51.18,49.370,49.220,47.290
17 Aug 2017,49.930,50.35,48.720,48.580,46.770
16 Aug 2017,50.930,51.21,49.650,49.590,47.850
15 Aug 2017,50.680,50.74,49.350,49.270,47.610
14 Aug 2017,51.720,51.88,50.470,50.390,48.680
11 Aug 2017,51.190,51.41,49.950,49.850,48.100
10 Aug 2017,52.990,53.11,51.730,51.650,49.830
09 Aug 2017,,52.13,,,#N/A
08 Aug 2017,52.520,52.60,51.420,51.260,49.650
07 Aug 2017,52.160,52.16,50.970,50.880,49.360
04 Aug 2017,51.580,51.65,50.430,50.420,48.670
03 Aug 2017,51.900,52.17,50.940,50.780,49.340
02 Aug 2017,51.400,51.51,50.280,50.210,48.840
01 Aug 2017,52.610,52.85,51.420,51.450,50.340
31 Jul 2017,51.910,52.51,50.470,50.420,49.690
28 Jul 2017,51.250,51.68,49.830,49.710,49.010
27 Jul 2017,50.830,50.97,49.390,49.400,48.750
26 Jul 2017,50.520,50.62,49.130,49.040,48.410
25 Jul 2017,48.840,48.78,47.360,47.350,46.540
24 Jul 2017,47.940,47.82,46.530,46.420,45.550
21 Jul 2017,49.640,49.56,48.230,48.190,47.140
20 Jul 2017,49.840,49.77,48.370,48.320,47.190
19 Jul 2017,48.840,48.77,47.450,47.350,46.320
18 Jul 2017,48.690,48.56,47.210,47.180,46.120
17 Jul 2017,49.140,49.06,47.780,47.720,46.650
14 Jul 2017,48.490,48.36,47.010,47.060,45.990
13 Jul 2017,47.390,47.32,46.010,45.970,45.100
12 Jul 2017,48.390,48.35,46.970,47.000,45.940
11 Jul 2017,46.750,46.65,45.330,45.340,44.210
10 Jul 2017,46.730,46.68,45.310,45.380,44.200
07 Jul 2017,47.270,47.24,45.980,45.910,44.650
06 Jul 2017,48.520,48.48,47.210,47.170,45.830
05 Jul 2017,49.690,49.62,48.450,48.410,47.020
04 Jul 2017,49.610,49.50,48.350,48.350,46.920
03 Jul 2017,49.080,48.89,47.800,47.750,46.200
30 Jun 2017,48.180,47.67,46.460,46.490,45.220
29 Jun 2017,47.920,47.65,46.460,46.370,45.090
28 Jun 2017,46.620,46.49,45.370,45.260,43.960
27 Jun 2017,46.420,46.38,45.180,45.110,43.800
26 Jun 2017,,45.97,,,#N/A
23 Jun 2017,45.530,45.49,44.180,44.230,43.010
22 Jun 2017,44.830,44.77,43.550,43.460,42.470
21 Jun 2017,45.690,45.74,44.470,44.370,43.300
20 Jun 2017,46.980,47.09,45.760,45.610,44.340
19 Jun 2017,47.080,47.17,45.800,45.570,44.520
16 Jun 2017,47.320,47.32,45.950,45.710,44.750
15 Jun 2017,47.100,46.99,45.680,45.540,44.620
14 Jun 2017,48.280,48.09,46.930,46.750,45.800
13 Jun 2017,48.830,48.58,47.540,47.340,46.340
12 Jun 2017,48.590,48.31,47.260,47.160,45.930
09 Jun 2017,47.990,47.68,46.720,46.520,45.460
08 Jun 2017,48.540,48.31,47.280,47.030,45.950
07 Jun 2017,49.870,49.73,48.560,48.360,47.860
06 Jun 2017,49.400,49.22,48.020,47.850,47.160
05 Jun 2017,50.360,50.12,48.870,48.760,47.880
02 Jun 2017,49.960,49.61,48.520,48.370,47.350
01 Jun 2017,51.850,51.41,50.260,50.210,49.040
31 May 2017,51.550,51.41,49.920,50.270,49.220
30 May 2017,51.850,51.83,50.370,50.550,49.530
29 May 2017,52.020,51.96,50.640,50.730,49.650
26 May 2017,51.790,51.71,50.460,50.360,49.080
25 May 2017,54.230,54.18,52.900,52.880,51.490
24 May 2017,54.520,54.48,53.240,53.180,51.760
23 May 2017,53.620,53.47,52.350,52.330,50.790
22 May 2017,54.090,54.08,52.880,52.720,50.790
19 May 2017,53.300,53.19,52.140,52.010,50.020
18 May 2017,52.370,52.08,51.080,51.000,48.950
17 May 2017,51.800,51.47,50.520,50.420,48.400
16 May 2017,52.450,52.20,51.240,51.030,49.200
15 May 2017,52.360,52.15,51.040,50.870,49.110
12 May 2017,51.110,50.72,49.670,49.570,47.770
11 May 2017,51.210,50.83,49.800,49.710,47.960
10 May 2017,,49.15,,,#N/A
09 May 2017,50.020,49.49,48.630,48.480,46.560
08 May 2017,49.970,49.48,48.680,48.480,46.540
05 May 2017,49.300,48.84,47.970,47.840,45.830
04 May 2017,51.050,50.38,49.500,49.300,47.410
03 May 2017,51.590,50.90,49.970,49.810,48.000
02 May 2017,52.470,51.84,50.740,50.620,49.060
28 Apr 2017,52.350,51.75,50.770,50.170,49.350
27 Apr 2017,52.050,51.31,50.470,49.960,49.130
26 Apr 2017,52.590,52.04,50.990,50.550,49.480
25 Apr 2017,52.260,51.67,50.630,50.130,49.330
24 Apr 2017,53.060,52.41,51.330,50.970,50.000
21 Apr 2017,53.370,52.92,51.720,51.330,50.710
20 Apr 2017,53.520,53.18,52.030,51.520,50.620
19 Apr 2017,55.160,54.92,53.670,53.130,52.430
18 Apr 2017,55.300,55.00,53.860,53.110,52.340
17 Apr 2017,55.680,55.38,54.270,53.580,52.710
13 Apr 2017,56.290,55.85,54.650,54.160,53.100
12 Apr 2017,56.790,56.50,55.340,54.740,53.630
11 Apr 2017,56.180,55.89,54.720,54.390,53.000
10 Apr 2017,55.740,55.59,54.290,53.950,52.550
07 Apr 2017,55.830,55.73,54.490,54.010,52.560
06 Apr 2017,54.410,54.35,53.140,52.600,51.100
05 Apr 2017,54.860,54.72,53.410,52.970,51.570
04 Apr 2017,52.980,52.87,51.500,50.990,50.020
03 Apr 2017,53.580,53.44,52.240,51.650,50.600
31 Mar 2017,52.970,52.73,51.850,51.040,50.140
30 Mar 2017,52.570,52.43,51.500,50.610,49.420
29 Mar 2017,51.930,51.79,50.760,49.990,48.790
28 Mar 2017,51.260,51.07,49.890,49.310,48.060
27 Mar 2017,50.680,50.48,49.510,48.810,47.540
24 Mar 2017,50.810,50.68,49.670,48.970,47.900
23 Mar 2017,51.100,50.84,49.870,49.110,48.250
22 Mar 2017,50.960,50.75,49.740,49.250,48.030
21 Mar 2017,52.170,52.05,50.930,50.350,48.510
20 Mar 2017,51.760,51.60,50.420,49.960,48.460
17 Mar 2017,51.820,51.74,50.630,50.210,48.810
16 Mar 2017,52.510,52.47,51.140,50.890,49.470
15 Mar 2017,51.710,51.65,50.410,50.010,48.560
14 Mar 2017,51.490,51.43,50.070,49.930,48.530
13 Mar 2017,51.690,51.31,50.190,50.050,48.420
10 Mar 2017,52.680,52.32,51.320,51.050,49.560
09 Mar 2017,54.080,53.78,52.740,52.400,50.750
08 Mar 2017,55.750,55.64,54.390,54.030,52.700
07 Mar 2017,56.100,56.00,54.770,54.360,53.290
06 Mar 2017,55.610,55.50,54.310,53.790,52.890
03 Mar 2017,55.530,55.40,54.270,53.810,52.860
02 Mar 2017,56.390,56.18,55.360,54.850,53.600
01 Mar 2017,56.610,56.46,55.600,55.040,53.890
28 Feb 2017,56.420,55.89,55.120,54.810,53.990
27 Feb 2017,56.780,56.63,55.560,55.050,54.430
24 Feb 2017,56.440,56.29,55.540,54.690,54.220
23 Feb 2017,56.560,56.51,55.660,54.830,54.280
22 Feb 2017,56.440,56.48,55.360,54.700,54.260
21 Feb 2017,56.340,56.48,55.560,54.600,53.880
20 Feb 2017,56.340,56.14,55.430,54.450,53.640
17 Feb 2017,56.010,55.75,55.160,54.070,53.460
16 Feb 2017,56.080,55.90,55.140,54.130,53.200
15 Feb 2017,56.010,55.82,54.870,54.000,52.920
14 Feb 2017,56.130,55.92,55.060,54.160,53.220
13 Feb 2017,56.570,56.59,55.450,54.770,53.650
10 Feb 2017,55.770,55.74,54.590,53.830,53.020
09 Feb 2017,55.730,55.56,54.580,53.910,52.750
08 Feb 2017,54.900,54.75,53.650,53.060,51.680
07 Feb 2017,56.030,55.69,54.760,54.280,52.960
06 Feb 2017,56.950,56.77,55.880,55.150,53.910
03 Feb 2017,57.590,57.07,55.910,55.420,53.960
02 Feb 2017,57.300,56.88,55.410,55.020,53.820
01 Feb 2017,55.840,55.49,53.800,53.180,52.780
31 Jan 2017,55.340,55.05,53.260,53.210,52.330
27 Jan 2017,56.500,56.17,54.700,54.260,53.750
26 Jan 2017,56.150,55.56,54.070,53.990,53.070
25 Jan 2017,55.670,55.10,53.600,53.530,52.820
24 Jan 2017,56.110,55.69,54.100,53.870,53.180
23 Jan 2017,55.570,55.22,53.600,53.340,52.890
20 Jan 2017,54.880,54.52,52.980,52.830,51.620
19 Jan 2017,55.060,54.74,53.180,53.020,51.730
18 Jan 2017,55.970,55.83,54.210,53.920,52.780
17 Jan 2017,55.960,55.88,54.220,53.920,52.610
16 Jan 2017,55.590,55.34,53.720,53.410,52.250
13 Jan 2017,56.350,55.95,54.380,54.100,53.010
12 Jan 2017,55.630,55.36,53.720,53.280,52.380
11 Jan 2017,54.210,53.83,52.200,51.830,50.950
10 Jan 2017,55.400,55.16,53.400,53.020,52.190
09 Jan 2017,56.960,56.81,54.990,54.630,53.710
06 Jan 2017,56.940,56.80,54.980,54.620,53.760
05 Jan 2017,56.610,56.29,54.600,54.230,53.130
04 Jan 2017,56.580,56.04,54.460,53.900,52.890
03 Jan 2017,57.470,57.09,55.040,54.690,54.080
30 Dec 2016,56.790,57.06,54.050,53.910,53.960
29 Dec 2016,56.800,56.47,54.650,53.960,53.990
28 Dec 2016,56.570,56.34,54.470,53.770,54.080
27 Dec 2016,55.530,55.35,53.310,52.640,53.330
23 Dec 2016,55.130,54.90,52.800,51.980,52.680
22 Dec 2016,54.930,54.68,52.510,52.050,52.630
21 Dec 2016,55.820,55.84,53.550,52.830,53.750
20 Dec 2016,54.940,54.98,52.670,52.080,51.990
19 Dec 2016,55.450,55.59,53.290,52.710,52.350
16 Dec 2016,54.030,54.01,52.000,51.390,51.010
15 Dec 2016,54.330,54.27,52.220,51.690,51.180
14 Dec 2016,55.220,55.21,53.180,52.550,52.390
13 Dec 2016,55.640,55.58,53.440,52.900,52.730
12 Dec 2016,56.870,56.93,54.800,54.090,54.080
09 Dec 2016,54.270,54.29,52.180,51.480,51.490
08 Dec 2016,53.180,53.12,50.950,50.310,49.840
07 Dec 2016,53.590,53.59,51.360,50.780,50.590
06 Dec 2016,54.330,54.42,52.150,51.560,51.190
05 Dec 2016,54.460,54.68,52.330,51.410,51.900
02 Dec 2016,53.630,53.90,51.450,50.580,50.960
01 Dec 2016,52.090,52.10,49.710,49.110,49.550
30 Nov 2016,47.430,47.25,45.070,44.290,45.990
29 Nov 2016,48.090,47.79,45.310,45.020,46.810
28 Nov 2016,46.970,46.50,44.480,43.940,45.470
25 Nov 2016,49.060,48.63,46.530,45.990,47.580
24 Nov 2016,49.050,48.78,46.660,45.900,47.880
23 Nov 2016,49.220,49.07,46.860,46.060,48.010
22 Nov 2016,49.410,49.02,46.730,46.040,48.390
21 Nov 2016,48.090,47.63,45.270,44.730,46.400
18 Nov 2016,46.280,45.82,43.410,42.890,44.660
17 Nov 2016,46.990,46.72,44.090,43.690,45.680
16 Nov 2016,46.860,46.72,44.070,43.680,45.560
15 Nov 2016,45.430,45.13,42.790,42.160,44.250
14 Nov 2016,45.370,44.97,42.520,42.180,43.450
11 Nov 2016,45.980,45.67,43.380,42.690,44.380
10 Nov 2016,47.120,46.78,44.360,43.710,45.470
09 Nov 2016,45.980,45.55,43.070,42.530,44.430
08 Nov 2016,46.430,46.24,43.630,42.920,44.970
07 Nov 2016,46.300,46.11,43.380,42.780,44.710
04 Nov 2016,46.330,46.19,43.290,42.830,44.480
03 Nov 2016,46.990,47.00,44.170,43.580,45.500
02 Nov 2016,47.390,47.57,44.730,44.210,46.120
01 Nov 2016,48.700,49.15,45.990,45.640,47.070
31 Oct 2016,49.760,49.66,47.460,47.410,48.720
28 Oct 2016,50.570,50.39,48.280,48.180,49.500
27 Oct 2016,50.490,50.39,48.340,48.060,49.430
26 Oct 2016,50.220,50.30,48.070,47.830,49.390
25 Oct 2016,51.520,51.79,49.260,49.110,50.900
24 Oct 2016,51.750,51.94,49.550,49.420,50.900
21 Oct 2016,51.260,51.45,49.200,48.900,50.640
20 Oct 2016,51.930,52.26,49.990,49.560,51.100
19 Oct 2016,52.060,52.43,50.170,49.660,51.000
18 Oct 2016,51.530,51.93,49.750,49.130,50.470
17 Oct 2016,51.570,51.89,49.670,49.350,50.270
14 Oct 2016,52.120,52.40,50.250,50.010,51.040
13 Oct 2016,51.300,51.68,49.360,49.070,49.940
12 Oct 2016,52.160,52.80,50.230,50.100,50.990
11 Oct 2016,52.020,52.60,50.110,49.960,50.960
10 Oct 2016,51.020,51.64,49.030,48.900,49.550
07 Oct 2016,52.080,52.72,50.120,49.970,50.660
06 Oct 2016,50.870,51.54,48.970,48.690,49.500
05 Oct 2016,51.040,51.70,48.930,48.910,49.380
04 Oct 2016,49.820,50.48,47.910,47.780,48.440
03 Oct 2016,49.900,50.67,48.140,47.790,48.790
30 Sep 2016,48.250,48.65,45.700,45.350,47.260
29 Sep 2016,47.840,48.20,45.230,44.950,46.710
28 Sep 2016,45.580,46.18,43.260,42.690,44.960
27 Sep 2016,46.250,46.78,43.830,43.380,45.480
26 Sep 2016,45.330,45.78,42.830,42.470,44.560
23 Sep 2016,46.600,47.06,44.220,43.740,45.620
22 Sep 2016,46.700,47.19,44.390,43.860,45.780
21 Sep 2016,46.190,46.73,43.770,43.010,45.000
20 Sep 2016,45.120,45.67,42.570,42.270,43.020
19 Sep 2016,45.660,46.31,43.060,42.870,43.740
16 Sep 2016,45.330,46.03,42.820,42.680,43.460
15 Sep 2016,44.890,45.75,42.530,42.170,43.380
14 Sep 2016,46.400,47.37,44.190,43.690,45.270
13 Sep 2016,46.440,47.47,44.150,43.810,45.300
09 Sep 2016,48.220,49.31,45.930,45.570,47.030
08 Sep 2016,47.660,48.76,45.320,44.960,46.440
07 Sep 2016,46.620,47.66,44.180,44.060,45.290
06 Sep 2016,46.260,47.31,43.830,43.670,45.040
05 Sep 2016,47.310,48.41,44.860,44.710,45.790
02 Sep 2016,44.540,45.56,42.120,41.980,43.310
01 Sep 2016,45.890,46.86,43.480,43.240,44.800
31 Aug 2016,47.170,47.99,45.070,44.610,46.140
30 Aug 2016,48.500,49.46,46.260,45.950,47.250
29 Aug 2016,48.210,49.10,45.860,45.710,46.910
26 Aug 2016,48.580,49.32,46.160,46.000,47.180
25 Aug 2016,48.110,48.89,45.750,45.540,46.750
24 Aug 2016,48.500,49.27,46.080,45.880,47.290
23 Aug 2016,48.100,48.69,45.670,45.430,46.860
22 Aug 2016,49.540,50.01,46.880,46.840,47.700
19 Aug 2016,49.930,50.34,47.490,47.330,47.950
18 Aug 2016,49.470,49.82,47.210,46.860,47.050
17 Aug 2016,48.340,48.61,46.010,45.820,46.090
16 Aug 2016,48.180,48.45,45.850,45.520,45.930
15 Aug 2016,47.010,47.48,44.850,44.350,44.940
12 Aug 2016,45.680,46.13,43.480,43.050,43.690
11 Aug 2016,43.140,43.54,41.080,40.460,41.150
10 Aug 2016,43.930,44.43,42.040,41.300,42.200
08 Aug 2016,44.240,44.78,42.370,41.610,42.330
05 Aug 2016,43.380,43.95,41.570,40.700,41.650
04 Aug 2016,42.740,43.19,40.800,40.080,41.010
03 Aug 2016,41.340,41.95,39.600,38.700,39.730
02 Aug 2016,42.110,42.07,39.450,38.870,39.930
01 Aug 2016,43.270,43.30,40.570,40.020,41.330
29 Jul 2016,42.740,42.20,39.840,38.640,40.750
28 Jul 2016,43.880,43.47,40.910,39.920,42.020
27 Jul 2016,44.590,44.60,41.520,40.630,42.790
26 Jul 2016,44.420,44.39,41.400,40.330,42.690
25 Jul 2016,45.420,45.56,42.850,41.280,44.070
22 Jul 2016,45.680,45.93,42.820,41.590,44.340
21 Jul 2016,47.000,47.27,43.870,42.970,45.890
20 Jul 2016,46.380,46.57,43.300,42.390,44.500
19 Jul 2016,46.300,46.66,43.350,42.390,45.050
18 Jul 2016,47.130,47.60,44.440,43.280,45.810
15 Jul 2016,46.460,46.79,43.760,42.880,45.160
14 Jul 2016,46.220,46.59,43.360,42.540,45.120
13 Jul 2016,47.280,47.66,44.340,43.470,46.150
12 Jul 2016,46.520,46.86,43.500,42.830,45.270
11 Jul 2016,46.080,46.11,42.610,42.100,44.690
08 Jul 2016,46.550,46.81,43.090,42.670,45.550
07 Jul 2016,48.620,49.07,45.110,44.770,47.840
05 Jul 2016,48.560,48.97,45.140,44.790,47.590
04 Jul 2016,49.870,50.46,46.570,46.110,49.150
01 Jul 2016,49.180,49.70,45.580,45.140,48.270
30 Jun 2016,49.600,50.02,47.770,46.550,49.340
29 Jun 2016,48.690,49.11,46.230,45.500,48.420
28 Jun 2016,47.720,48.22,45.290,44.690,47.420
27 Jun 2016,48.140,48.68,45.550,45.190,47.660
24 Jun 2016,48.450,48.95,45.790,45.310,48.150
23 Jun 2016,49.560,50.25,46.750,46.280,49.410
22 Jun 2016,50.330,51.05,47.300,47.150,50.260
21 Jun 2016,49.480,50.19,46.710,46.430,48.870
20 Jun 2016,49.630,50.20,46.850,46.540,48.810
17 Jun 2016,47.500,47.87,44.710,44.300,46.730
16 Jun 2016,47.930,48.28,45.120,44.890,47.370
15 Jun 2016,48.970,49.43,46.180,46.010,48.120
14 Jun 2016,49.050,49.62,46.420,46.190,48.080
13 Jun 2016,49.570,50.17,46.930,46.700,48.580
10 Jun 2016,50.700,51.32,48.070,47.700,49.870
09 Jun 2016,51.590,52.22,48.910,48.630,51.160
08 Jun 2016,51.070,51.72,48.290,48.010,50.620
07 Jun 2016,49.820,50.61,47.170,46.750,49.840
06 Jun 2016,49.360,50.16,46.650,46.250,49.190
03 Jun 2016,49.490,50.17,46.620,46.570,49.230
02 Jun 2016,49.060,49.81,46.270,46.180,49.130
01 Jun 2016,48.550,49.37,45.920,45.630,48.600
31 May 2016,48.750,49.36,46.240,46.080,49.460
30 May 2016,48.300,48.96,45.670,45.640,49.140
27 May 2016,48.260,49.00,45.700,45.550,49.010
26 May 2016,49.040,49.99,46.470,46.330,49.740
25 May 2016,48.640,49.28,46.000,45.900,49.290
24 May 2016,47.410,47.85,44.790,44.720,47.730
23 May 2016,47.900,48.30,45.230,45.090,47.950
20 May 2016,48.780,49.17,46.080,45.990,48.510
19 May 2016,47.640,47.86,44.810,44.760,47.230
18 May 2016,48.660,49.04,45.870,45.700,48.150
17 May 2016,48.580,49.02,45.830,45.660,48.050
16 May 2016,47.880,48.67,45.370,45.190,47.070
13 May 2016,47.020,47.67,44.350,44.310,46.150
12 May 2016,47.230,47.76,44.510,44.600,46.590
11 May 2016,44.740,45.05,42.040,41.880,44.090
10 May 2016,44.000,44.18,41.130,41.080,43.830
09 May 2016,45.640,45.89,42.790,42.780,45.430
06 May 2016,44.430,44.64,41.700,41.540,43.870
05 May 2016,45.540,45.75,42.600,42.560,45.140
04 May 2016,44.840,44.92,41.990,42.020,43.690
03 May 2016,45.860,45.98,43.030,42.830,44.890
29 Apr 2016,47.470,48.36,43.990,44.250,46.360
28 Apr 2016,46.330,47.13,43.030,42.990,45.310
27 Apr 2016,46.020,46.72,42.680,42.770,44.860
26 Apr 2016,44.120,44.73,41.000,40.780,42.930
25 Apr 2016,44.040,44.67,41.150,40.840,43.250
22 Apr 2016,44.360,44.94,41.440,41.020,43.630
21 Apr 2016,45.010,45.79,42.160,41.790,44.200
20 Apr 2016,42.450,43.15,39.610,39.170,40.100
19 Apr 2016,42.530,43.33,39.650,39.320,40.220
18 Apr 2016,40.660,41.28,37.840,37.310,38.470
15 Apr 2016,42.920,43.57,40.040,39.490,41.050
14 Apr 2016,43.010,43.59,40.140,39.650,41.270
13 Apr 2016,43.490,44.18,40.590,40.130,41.480
12 Apr 2016,42.940,43.36,39.970,39.480,40.780
11 Apr 2016,41.260,41.83,38.390,37.730,39.580
08 Apr 2016,40.110,40.72,37.220,36.610,38.550
07 Apr 2016,39.850,40.15,36.900,36.190,37.910
06 Apr 2016,38.410,38.75,35.330,34.840,36.980
05 Apr 2016,37.400,37.59,34.530,33.740,35.490
04 Apr 2016,38.900,38.50,35.480,34.710,36.450
01 Apr 2016,40.550,40.20,36.870,36.200,38.230
31 Mar 2016,39.310,38.83,36.070,34.490,37.760
30 Mar 2016,39.980,39.63,37.370,35.300,38.990
29 Mar 2016,39.850,39.77,36.870,35.120,38.980
28 Mar 2016,40.690,40.64,37.750,35.990,39.900
24 Mar 2016,40.530,40.47,37.490,35.810,39.630
23 Mar 2016,41.690,41.42,38.490,37.430,41.090
22 Mar 2016,41.810,41.34,38.470,37.660,41.310
21 Mar 2016,41.550,40.72,37.850,36.940,38.670
18 Mar 2016,42.180,41.43,38.340,37.560,40.090
17 Mar 2016,41.770,41.02,37.860,36.950,39.500
16 Mar 2016,39.660,38.91,35.740,34.740,36.760
15 Mar 2016,39.290,38.64,35.310,34.220,36.260
14 Mar 2016,40.570,40.04,36.710,35.420,38.110
11 Mar 2016,41.140,40.69,37.430,36.030,38.610
10 Mar 2016,41.000,40.60,37.040,35.710,38.050
09 Mar 2016,40.150,39.75,36.380,34.840,36.600
08 Mar 2016,40.900,40.48,37.060,35.730,37.600
07 Mar 2016,39.610,39.06,35.870,34.450,36.390
04 Mar 2016,37.430,36.98,33.790,32.270,34.610
03 Mar 2016,37.020,36.62,33.300,31.940,34.510
02 Mar 2016,36.730,36.66,33.090,31.890,33.940
01 Mar 2016,36.940,36.80,32.860,32.180,34.110
29 Feb 2016,35.290,35.10,30.910,29.560,32.690
26 Feb 2016,36.070,35.39,32.000,30.960,33.260
25 Feb 2016,34.670,33.68,30.570,29.380,31.620
24 Feb 2016,33.870,32.75,29.780,28.500,31.090
23 Feb 2016,34.800,33.98,30.870,29.530,32.540
22 Feb 2016,34.520,33.70,30.890,29.660,30.420
19 Feb 2016,34.920,34.11,31.320,30.350,30.600
18 Feb 2016,35.450,34.68,31.850,30.780,31.100
17 Feb 2016,32.830,32.09,29.080,28.080,29.100
16 Feb 2016,35.740,35.09,31.860,30.880,30.910
15 Feb 2016,33.870,33.22,30.030,29.150,29.200
12 Feb 2016,31.280,30.90,27.760,26.720,27.000
11 Feb 2016,30.670,30.43,26.910,26.080,26.730
10 Feb 2016,31.280,31.04,27.610,26.880,28.520
05 Feb 2016,34.790,34.45,30.860,30.430,31.740
04 Feb 2016,35.370,35.09,31.660,31.180,32.430
03 Feb 2016,33.340,32.95,29.840,29.050,30.150
02 Feb 2016,33.720,33.71,30.570,29.270,31.010
01 Feb 2016,35.050,35.22,31.620,30.870,32.790
29 Jan 2016,35.060,34.44,29.690,29.950,33.820
28 Jan 2016,33.440,32.98,29.160,28.220,32.130
27 Jan 2016,31.050,31.18,27.100,26.090,30.700
26 Jan 2016,29.300,29.42,25.480,24.370,29.340
25 Jan 2016,30.720,31.06,26.940,25.680,31.310
22 Jan 2016,29.890,30.58,26.360,25.130,30.620
21 Jan 2016,27.480,27.72,23.800,22.620,28.200
20 Jan 2016,27.700,28.04,23.890,23.010,27.510
19 Jan 2016,28.870,29.21,24.900,24.410,29.570
18 Jan 2016,28.300,28.57,24.930,23.820,29.050
15 Jan 2016,30.200,30.19,26.040,25.610,30.140
14 Jan 2016,29.800,30.13,25.800,25.270,30.680
13 Jan 2016,31.090,31.27,27.030,26.600,31.030
12 Jan 2016,31.180,30.85,26.780,26.620,30.660
11 Jan 2016,32.910,32.60,28.440,27.930,32.380
08 Jan 2016,34.170,34.22,29.650,29.290,33.690
07 Jan 2016,32.320,32.62,28.000,27.610,32.370
06 Jan 2016,35.130,35.60,30.800,30.270,35.510
05 Jan 2016,36.260,37.03,32.120,31.430,36.720
04 Jan 2016,36.600,37.23,32.590,32.300,37.160
